Quantitative measurement,Qualitative Measurement,token_list,smiles
44.0,Positive,"['V', 'L', 'H', 'D', 'D', 'L', 'SCM_C', 'E', 'A']",CC(C)CC(NC(=O)[C@H](CC(C)C)NC(=O)[C@H](CC(=O)O)NC(=O)[C@H](CC(=O)O)NC(=O)[C@H](Cc1c[nH]cn1)NC(=O)[C@H](CC(C)C)NC(=O)[C@@H](N)C(C)C)C(=O)N[C@@H](CCC(=O)O)C(=O)N[C@@H](C)C(=O)O
15.0,Positive,"['V', 'L', 'F', 'D', 'D', 'L', 'SCM_C', 'E', 'A']",CC(C)CC(NC(=O)[C@H](CC(C)C)NC(=O)[C@H](CC(=O)O)NC(=O)[C@H](CC(=O)O)NC(=O)[C@H](Cc1ccccc1)NC(=O)[C@H](CC(C)C)NC(=O)[C@@H](N)C(C)C)C(=O)N[C@@H](CCC(=O)O)C(=O)N[C@@H](C)C(=O)O
44.0,Positive,"['V', 'L', 'CITR_R', 'D', 'D', 'L', 'C', 'E', 'A']",CC(C)C[C@H](NC(=O)[C@H](CC(=O)O)NC(=O)[C@H](CC(=O)O)NC(=O)[C@H](CCCNC(N)=O)NC(=O)[C@H](CC(C)C)NC(=O)[C@@H](N)C(C)C)C(=O)N[C@@H](CS)C(=O)N[C@@H](CCC(=O)O)C(=O)N[C@@H](C)C(=O)O
75.0,Positive,"['F', 'I', 'D', 'S', 'Y', 'I', 'CYSTL_C', 'Q', 'V']",CC[C@H](C)[C@H](NC(=O)[C@H](Cc1ccc(O)cc1)NC(=O)[C@H](CO)NC(=O)[C@H](CC(=O)O)NC(=O)[C@@H](NC(=O)[C@@H](N)Cc1ccccc1)[C@@H](C)CC)C(=O)N[C@@H](CS)C(=O)N[C@@H](CCC(N)=O)C(=O)N[C@H](C(=O)O)C(C)C
38.5,Positive,"['R', 'Q', 'A', 'PHOS_S', 'L', 'S', 'I', 'S', 'V']",CC[C@H](C)[C@H](NC(=O)[C@H](CO)NC(=O)[C@H](CC(C)C)NC(=O)[C@H](COP(=O)(O)O)NC(=O)[C@H](C)NC(=O)[C@H](CCC(N)=O)NC(=O)[C@@H](N)CCCNC(=N)N)C(=O)N[C@@H](CO)C(=O)N[C@H](C(=O)O)C(C)C
116.9,Positive,"['R', 'T', 'Y', 'PHOS_S', 'G', 'P', 'M', 'N', 'K', 'V']",CSCC[C@H](NC(=O)[C@@H]1CCCN1C(=O)CNC(=O)[C@H](COP(=O)(O)O)NC(=O)[C@H](Cc1ccc(O)cc1)NC(=O)[C@@H](NC(=O)[C@@H](N)CCCNC(=N)N)[C@@H](C)O)C(=O)N[C@@H](CC(N)=O)C(=O)N[C@@H](CCCCN)C(=O)N[C@H](C(=O)O)C(C)C
145.7,Positive,"['Y', 'L', 'D', 'PHOS_S', 'G', 'I', 'H', 'S', 'G', 'A']",CC[C@H](C)[C@H](NC(=O)CNC(=O)[C@H](COP(=O)(O)O)NC(=O)[C@H](CC(=O)O)NC(=O)[C@H](CC(C)C)NC(=O)[C@@H](N)Cc1ccc(O)cc1)C(=O)N[C@@H](Cc1c[nH]cn1)C(=O)N[C@@H](CO)C(=O)NCC(=O)N[C@@H](C)C(=O)O
180.5,Positive,"['S', 'L', 'Q', 'P', 'R', 'S', 'H', 'PHOS_S', 'V']",CC(C)C[C@H](NC(=O)[C@@H](N)CO)C(=O)N[C@@H](CCC(N)=O)C(=O)N1CCC[C@H]1C(=O)N[C@@H](CCCNC(=N)N)C(=O)N[C@@H](CO)C(=O)N[C@@H](Cc1c[nH]cn1)C(=O)N[C@@H](COP(=O)(O)O)C(=O)N[C@H](C(=O)O)C(C)C
168.7,Positive,"['G', 'L', 'L', 'G', 'PHOS_S', 'P', 'V', 'R', 'A']",CC(C)C[C@H](NC(=O)CN)C(=O)N[C@@H](CC(C)C)C(=O)NCC(=O)N[C@@H](COP(=O)(O)O)C(=O)N1CCC[C@H]1C(=O)N[C@H](C(=O)N[C@@H](CCCNC(=N)N)C(=O)N[C@@H](C)C(=O)O)C(C)C
62.4,Positive,"['K', 'L', 'I', 'D', 'R', 'T', 'E', 'PHOS_S', 'L']",CC[C@H](C)[C@H](NC(=O)[C@H](CC(C)C)NC(=O)[C@@H](N)CCCCN)C(=O)N[C@@H](CC(=O)O)C(=O)N[C@@H](CCCNC(=N)N)C(=O)N[C@H](C(=O)N[C@@H](CCC(=O)O)C(=O)N[C@@H](COP(=O)(O)O)C(=O)N[C@@H](CC(C)C)C(=O)O)[C@@H](C)O
44.6,Positive,"['R', 'L', 'D', 'PHOS_S', 'Y', 'V', 'R', 'S', 'L']",CC(C)C[C@H](NC(=O)[C@H](CO)NC(=O)[C@H](CCCNC(=N)N)NC(=O)[C@@H](NC(=O)[C@H](Cc1ccc(O)cc1)NC(=O)[C@H](COP(=O)(O)O)NC(=O)[C@H](CC(=O)O)NC(=O)[C@H](CC(C)C)NC(=O)[C@@H](N)CCCNC(=N)N)C(C)C)C(=O)O
178.5,Positive,"['R', 'V', 'A', 'PHOS_S', 'P', 'T', 'S', 'G', 'V']",CC(C)[C@H](NC(=O)CNC(=O)[C@H](CO)NC(=O)[C@@H](NC(=O)[C@@H]1CCCN1C(=O)[C@H](COP(=O)(O)O)NC(=O)[C@H](C)NC(=O)[C@@H](NC(=O)[C@@H](N)CCCNC(=N)N)C(C)C)[C@@H](C)O)C(=O)O
32.5,Positive,"['R', 'T', 'F', 'PHOS_S', 'P', 'T', 'Y', 'G', 'L']",CC(C)C[C@H](NC(=O)CNC(=O)[C@H](Cc1ccc(O)cc1)NC(=O)[C@@H](NC(=O)[C@@H]1CCCN1C(=O)[C@H](COP(=O)(O)O)NC(=O)[C@H](Cc1ccccc1)NC(=O)[C@@H](NC(=O)[C@@H](N)CCCNC(=N)N)[C@@H](C)O)[C@@H](C)O)C(=O)O
58.7,Positive,"['A', 'Q', 'A', 'PHOS_S', 'I', 'E', 'L', 'P', 'S', 'M']",CC[C@H](C)[C@H](NC(=O)[C@H](COP(=O)(O)O)NC(=O)[C@H](C)NC(=O)[C@H](CCC(N)=O)NC(=O)[C@H](C)N)C(=O)N[C@@H](CCC(=O)O)C(=O)N[C@@H](CC(C)C)C(=O)N1CCC[C@H]1C(=O)N[C@@H](CO)C(=O)N[C@@H](CCSC)C(=O)O
7330.0,Positive,"['N', 'L', 'V', 'OTH_P', 'M', 'V', 'A', 'T', 'V']",CSCC[C@H](NC(=O)C(O)C(O)CNC(=O)[C@@H](NC(=O)[C@H](CC(C)C)NC(=O)[C@@H](N)CC(N)=O)C(C)C)C(=O)N[C@H](C(=O)N[C@@H](C)C(=O)N[C@H](C(=O)N[C@H](C(=O)O)C(C)C)[C@@H](C)O)C(C)C
510.0,Positive,"['OTH_G1', 'OTH_V', 'A', 'G', 'I', 'G', 'I', 'L', 'T', 'OTH_G2']",C#CCC(NC(=O)[C@@H](NC(=O)[C@H](CC(C)C)NC(=O)[C@@H](NC(=O)CNC(=O)[C@@H](NC(=O)CNC(=O)[C@H](C)NC(=O)C(CCC)NC(=O)C(N)c1ccccc1)[C@@H](C)CC)[C@@H](C)CC)[C@@H](C)O)C(=O)O
510.0,Positive,"['AM-PHG', 'NVA', 'A', 'G', 'I', 'G', 'I', 'L', 'T', 'PRG']",C#CCC(NC(=O)[C@@H](NC(=O)[C@H](CC(C)C)NC(=O)[C@@H](NC(=O)CNC(=O)[C@@H](NC(=O)CNC(=O)[C@H](C)NC(=O)C(CCC)NC(=O)C(C)(N)c1ccccc1)[C@@H](C)CC)[C@@H](C)CC)[C@@H](C)O)C(=O)O
260.0,Positive,"['AM-PHG', '2-AOC', 'A', 'G', 'I', 'G', 'I', 'L', 'T', 'PRG']",C#CCC(NC(=O)[C@@H](NC(=O)[C@H](CC(C)C)NC(=O)[C@@H](NC(=O)CNC(=O)[C@@H](NC(=O)CNC(=O)[C@H](C)NC(=O)C(CCCCCC)NC(=O)C(C)(N)c1ccccc1)[C@@H](C)CC)[C@@H](C)CC)[C@@H](C)O)C(=O)O
400.0,Positive,"['AM-PHG', 'NLE', 'A', 'G', 'I', 'G', 'I', 'L', 'T', 'PRG']",C#CCC(NC(=O)[C@@H](NC(=O)[C@H](CC(C)C)NC(=O)[C@@H](NC(=O)CNC(=O)[C@@H](NC(=O)CNC(=O)[C@H](C)NC(=O)C(CCCC)NC(=O)C(C)(N)c1ccccc1)[C@@H](C)CC)[C@@H](C)CC)[C@@H](C)O)C(=O)O
410.0,Positive,"['AM-PHG', 'NVA', 'A', 'G', 'I', 'G', 'I', 'L', 'T', 'ALG']",C=CCC(NC(=O)[C@@H](NC(=O)[C@H](CC(C)C)NC(=O)[C@@H](NC(=O)CNC(=O)[C@@H](NC(=O)CNC(=O)[C@H](C)NC(=O)C(CCC)NC(=O)C(C)(N)c1ccccc1)[C@@H](C)CC)[C@@H](C)CC)[C@@H](C)O)C(=O)O
480.0,Positive,"['AM-PHG', 'L', 'A', 'G', 'I', 'G', 'I', 'L', 'T', 'PRG']",C#CCC(NC(=O)[C@@H](NC(=O)[C@H](CC(C)C)NC(=O)[C@@H](NC(=O)CNC(=O)[C@@H](NC(=O)CNC(=O)[C@H](C)NC(=O)[C@H](CC(C)C)NC(=O)C(C)(N)c1ccccc1)[C@@H](C)CC)[C@@H](C)CC)[C@@H](C)O)C(=O)O
510.0,Positive,"['CSME', '2-AOC', 'A', 'G', 'I', 'G', 'I', 'L', 'T', 'PRG']",C#CCC(NC(=O)[C@@H](NC(=O)[C@H](CC(C)C)NC(=O)[C@@H](NC(=O)CNC(=O)[C@@H](NC(=O)CNC(=O)[C@H](C)NC(=O)C(CCCCCC)NC(=O)C(N)CSC)[C@@H](C)CC)[C@@H](C)CC)[C@@H](C)O)C(=O)O
470.0,Positive,"['CSME', '2-AOC', 'A', 'G', 'I', 'G', 'I', 'L', 'T', 'V']",CCCCCCC(NC(=O)C(N)CSC)C(=O)N[C@@H](C)C(=O)NCC(=O)N[C@H](C(=O)NCC(=O)N[C@H](C(=O)N[C@@H](CC(C)C)C(=O)N[C@H](C(=O)N[C@H](C(=O)O)C(C)C)[C@@H](C)O)[C@@H](C)CC)[C@@H](C)CC
970.0,Positive,"['CSME', 'NLE', 'A', 'G', 'I', 'G', 'I', 'L', 'T', 'V']",CCCCC(NC(=O)C(N)CSC)C(=O)N[C@@H](C)C(=O)NCC(=O)N[C@H](C(=O)NCC(=O)N[C@H](C(=O)N[C@@H](CC(C)C)C(=O)N[C@H](C(=O)N[C@H](C(=O)O)C(C)C)[C@@H](C)O)[C@@H](C)CC)[C@@H](C)CC
870.0,Positive,"['CSME', 'NVA', 'A', 'G', 'I', 'G', 'I', 'L', 'T', 'V']",CCCC(NC(=O)C(N)CSC)C(=O)N[C@@H](C)C(=O)NCC(=O)N[C@H](C(=O)NCC(=O)N[C@H](C(=O)N[C@@H](CC(C)C)C(=O)N[C@H](C(=O)N[C@H](C(=O)O)C(C)C)[C@@H](C)O)[C@@H](C)CC)[C@@H](C)CC
1130.0,Positive,"['CSME', 'L', 'A', 'G', 'I', 'G', 'I', 'L', 'T', 'PRG']",C#CCC(NC(=O)[C@@H](NC(=O)[C@H](CC(C)C)NC(=O)[C@@H](NC(=O)CNC(=O)[C@@H](NC(=O)CNC(=O)[C@H](C)NC(=O)[C@H](CC(C)C)NC(=O)C(N)CSC)[C@@H](C)CC)[C@@H](C)CC)[C@@H](C)O)C(=O)O
1360.0,Positive,"['CSME', 'L', 'A', 'G', 'I', 'G', 'I', 'L', 'T', 'V']",CC[C@H](C)[C@H](NC(=O)CNC(=O)[C@H](C)NC(=O)[C@H](CC(C)C)NC(=O)C(N)CSC)C(=O)NCC(=O)N[C@H](C(=O)N[C@@H](CC(C)C)C(=O)N[C@H](C(=O)N[C@H](C(=O)O)C(C)C)[C@@H](C)O)[C@@H](C)CC
220.0,Positive,"['SOME', '2-AOC', 'A', 'G', 'I', 'G', 'I', 'L', 'T', 'V']",CCCCCCC(NC(=O)C(N)COC)C(=O)N[C@@H](C)C(=O)NCC(=O)N[C@H](C(=O)NCC(=O)N[C@H](C(=O)N[C@@H](CC(C)C)C(=O)N[C@H](C(=O)N[C@H](C(=O)O)C(C)C)[C@@H](C)O)[C@@H](C)CC)[C@@H](C)CC
1130.0,Positive,"['SOME', 'L', 'A', 'G', 'I', 'G', 'I', 'L', 'T', 'V']",CC[C@H](C)[C@H](NC(=O)CNC(=O)[C@H](C)NC(=O)[C@H](CC(C)C)NC(=O)C(N)COC)C(=O)NCC(=O)N[C@H](C(=O)N[C@@H](CC(C)C)C(=O)N[C@H](C(=O)N[C@H](C(=O)O)C(C)C)[C@@H](C)O)[C@@H](C)CC
710.0,Positive,"['AM-PHG', '2-AOC', 'Y', 'D', 'F', 'F', 'V', 'W', 'L']",CCCCCCC(NC(=O)C(C)(N)c1ccccc1)C(=O)N[C@@H](Cc1ccc(O)cc1)C(=O)N[C@@H](CC(=O)O)C(=O)N[C@@H](Cc1ccccc1)C(=O)N[C@@H](Cc1ccccc1)C(=O)N[C@H](C(=O)N[C@@H](Cc1c[nH]c2ccccc12)C(=O)N[C@@H](CC(C)C)C(=O)O)C(C)C
510.0,Positive,"['AM-PHG', '2-AOC', 'Y', 'D', 'F', 'F', 'V', 'W', 'PRG']",C#CCC(NC(=O)[C@H](Cc1c[nH]c2ccccc12)NC(=O)[C@@H](NC(=O)[C@H](Cc1ccccc1)NC(=O)[C@H](Cc1ccccc1)NC(=O)[C@H](CC(=O)O)NC(=O)[C@H](Cc1ccc(O)cc1)NC(=O)C(CCCCCC)NC(=O)C(C)(N)c1ccccc1)C(C)C)C(=O)O
460.0,Positive,"['AM-PHG', 'CPALA', 'Y', 'D', 'F', 'F', 'V', 'W', 'PRG']",C#CCC(NC(=O)[C@H](Cc1c[nH]c2ccccc12)NC(=O)[C@@H](NC(=O)[C@H](Cc1ccccc1)NC(=O)[C@H](Cc1ccccc1)NC(=O)[C@H](CC(=O)O)NC(=O)[C@H](Cc1ccc(O)cc1)NC(=O)C(CC1CC1)NC(=O)C(C)(N)c1ccccc1)C(C)C)C(=O)O
710.0,Positive,"['AM-PHG', 'NVA', 'Y', 'D', 'F', 'F', 'V', 'W', 'PRG']",C#CCC(NC(=O)[C@H](Cc1c[nH]c2ccccc12)NC(=O)[C@@H](NC(=O)[C@H](Cc1ccccc1)NC(=O)[C@H](Cc1ccccc1)NC(=O)[C@H](CC(=O)O)NC(=O)[C@H](Cc1ccc(O)cc1)NC(=O)C(CCC)NC(=O)C(C)(N)c1ccccc1)C(C)C)C(=O)O
650.0,Positive,"['AM-PHG', 'NVA', 'Y', 'D', 'F', 'F', 'V', 'W', 'L']",CCCC(NC(=O)C(C)(N)c1ccccc1)C(=O)N[C@@H](Cc1ccc(O)cc1)C(=O)N[C@@H](CC(=O)O)C(=O)N[C@@H](Cc1ccccc1)C(=O)N[C@@H](Cc1ccccc1)C(=O)N[C@H](C(=O)N[C@@H](Cc1c[nH]c2ccccc12)C(=O)N[C@@H](CC(C)C)C(=O)O)C(C)C
520.0,Positive,"['CSME', '2-AOC', 'Y', 'D', 'F', 'F', 'V', 'W', 'ALG']",C=CCC(NC(=O)[C@H](Cc1c[nH]c2ccccc12)NC(=O)[C@@H](NC(=O)[C@H](Cc1ccccc1)NC(=O)[C@H](Cc1ccccc1)NC(=O)[C@H](CC(=O)O)NC(=O)[C@H](Cc1ccc(O)cc1)NC(=O)C(CCCCCC)NC(=O)C(N)CSC)C(C)C)C(=O)O
410.0,Positive,"['CSME', '2-AOC', 'Y', 'D', 'F', 'F', 'V', 'W', 'L']",CCCCCCC(NC(=O)C(N)CSC)C(=O)N[C@@H](Cc1ccc(O)cc1)C(=O)N[C@@H](CC(=O)O)C(=O)N[C@@H](Cc1ccccc1)C(=O)N[C@@H](Cc1ccccc1)C(=O)N[C@H](C(=O)N[C@@H](Cc1c[nH]c2ccccc12)C(=O)N[C@@H](CC(C)C)C(=O)O)C(C)C
940.0,Positive,"['CSME', 'CPALA', 'Y', 'D', 'F', 'F', 'V', 'W', 'PRG']",C#CCC(NC(=O)[C@H](Cc1c[nH]c2ccccc12)NC(=O)[C@@H](NC(=O)[C@H](Cc1ccccc1)NC(=O)[C@H](Cc1ccccc1)NC(=O)[C@H](CC(=O)O)NC(=O)[C@H](Cc1ccc(O)cc1)NC(=O)C(CC1CC1)NC(=O)C(N)CSC)C(C)C)C(=O)O
670.0,Positive,"['CSME', 'NVA', 'Y', 'D', 'F', 'F', 'V', 'W', 'PRG']",C#CCC(NC(=O)[C@H](Cc1c[nH]c2ccccc12)NC(=O)[C@@H](NC(=O)[C@H](Cc1ccccc1)NC(=O)[C@H](Cc1ccccc1)NC(=O)[C@H](CC(=O)O)NC(=O)[C@H](Cc1ccc(O)cc1)NC(=O)C(CCC)NC(=O)C(N)CSC)C(C)C)C(=O)O
510.0,Positive,"['PHG', '2-AOC', 'Y', 'D', 'F', 'F', 'V', 'W', 'L']",CCCCCCC(NC(=O)C(N)c1ccccc1)C(=O)N[C@@H](Cc1ccc(O)cc1)C(=O)N[C@@H](CC(=O)O)C(=O)N[C@@H](Cc1ccccc1)C(=O)N[C@@H](Cc1ccccc1)C(=O)N[C@H](C(=O)N[C@@H](Cc1c[nH]c2ccccc12)C(=O)N[C@@H](CC(C)C)C(=O)O)C(C)C
800.0,Positive,"['PHG', 'CPALA', 'Y', 'D', 'F', 'F', 'V', 'W', 'PRG']",C#CCC(NC(=O)[C@H](Cc1c[nH]c2ccccc12)NC(=O)[C@@H](NC(=O)[C@H](Cc1ccccc1)NC(=O)[C@H](Cc1ccccc1)NC(=O)[C@H](CC(=O)O)NC(=O)[C@H](Cc1ccc(O)cc1)NC(=O)C(CC1CC1)NC(=O)C(N)c1ccccc1)C(C)C)C(=O)O
600.0,Positive,"['PHG', 'CPALA', 'Y', 'D', 'F', 'F', 'V', 'W', 'L']",CC(C)C[C@H](NC(=O)[C@H](Cc1c[nH]c2ccccc12)NC(=O)[C@@H](NC(=O)[C@H](Cc1ccccc1)NC(=O)[C@H](Cc1ccccc1)NC(=O)[C@H](CC(=O)O)NC(=O)[C@H](Cc1ccc(O)cc1)NC(=O)C(CC1CC1)NC(=O)C(N)c1ccccc1)C(C)C)C(=O)O
570.0,Positive,"['PHG', 'NVA', 'Y', 'D', 'F', 'F', 'V', 'W', 'ALG']",C=CCC(NC(=O)[C@H](Cc1c[nH]c2ccccc12)NC(=O)[C@@H](NC(=O)[C@H](Cc1ccccc1)NC(=O)[C@H](Cc1ccccc1)NC(=O)[C@H](CC(=O)O)NC(=O)[C@H](Cc1ccc(O)cc1)NC(=O)C(CCC)NC(=O)C(N)c1ccccc1)C(C)C)C(=O)O
740.0,Positive,"['PHG', 'NVA', 'Y', 'D', 'F', 'F', 'V', 'W', 'PRG']",C#CCC(NC(=O)[C@H](Cc1c[nH]c2ccccc12)NC(=O)[C@@H](NC(=O)[C@H](Cc1ccccc1)NC(=O)[C@H](Cc1ccccc1)NC(=O)[C@H](CC(=O)O)NC(=O)[C@H](Cc1ccc(O)cc1)NC(=O)C(CCC)NC(=O)C(N)c1ccccc1)C(C)C)C(=O)O
570.0,Positive,"['PHG', 'NVA', 'Y', 'D', 'F', 'F', 'V', 'W', 'L']",CCCC(NC(=O)C(N)c1ccccc1)C(=O)N[C@@H](Cc1ccc(O)cc1)C(=O)N[C@@H](CC(=O)O)C(=O)N[C@@H](Cc1ccccc1)C(=O)N[C@@H](Cc1ccccc1)C(=O)N[C@H](C(=O)N[C@@H](Cc1c[nH]c2ccccc12)C(=O)N[C@@H](CC(C)C)C(=O)O)C(C)C
1690.0,Positive,"['AM-PHG', '2-AOC', 'G', 'P', 'T', 'L', 'M', 'C', 'PRG']",C#CCC(NC(=O)[C@H](CS)NC(=O)[C@H](CCSC)NC(=O)[C@H](CC(C)C)NC(=O)[C@@H](NC(=O)[C@@H]1CCCN1C(=O)CNC(=O)C(CCCCCC)NC(=O)C(C)(N)c1ccccc1)[C@@H](C)O)C(=O)O
1050.0,Positive,"['AM-PHG', '2-AOC', 'G', 'P', 'T', 'L', 'M', 'C', 'L']",CCCCCCC(NC(=O)C(C)(N)c1ccccc1)C(=O)NCC(=O)N1CCC[C@H]1C(=O)N[C@H](C(=O)N[C@@H](CC(C)C)C(=O)N[C@@H](CCSC)C(=O)N[C@@H](CS)C(=O)N[C@@H](CC(C)C)C(=O)O)[C@@H](C)O
1030.0,Positive,"['AM-PHG', 'CPALA', 'G', 'P', 'T', 'L', 'M', 'C', 'PRG']",C#CCC(NC(=O)[C@H](CS)NC(=O)[C@H](CCSC)NC(=O)[C@H](CC(C)C)NC(=O)[C@@H](NC(=O)[C@@H]1CCCN1C(=O)CNC(=O)C(CC1CC1)NC(=O)C(C)(N)c1ccccc1)[C@@H](C)O)C(=O)O
1050.0,Positive,"['AM-PHG', 'CPALA', 'G', 'P', 'T', 'L', 'M', 'C', 'L']",CSCC[C@H](NC(=O)[C@H](CC(C)C)NC(=O)[C@@H](NC(=O)[C@@H]1CCCN1C(=O)CNC(=O)C(CC1CC1)NC(=O)C(C)(N)c1ccccc1)[C@@H](C)O)C(=O)N[C@@H](CS)C(=O)N[C@@H](CC(C)C)C(=O)O
1010.0,Positive,"['CSME', '2-AOC', 'G', 'P', 'T', 'L', 'M', 'C', 'PRG']",C#CCC(NC(=O)[C@H](CS)NC(=O)[C@H](CCSC)NC(=O)[C@H](CC(C)C)NC(=O)[C@@H](NC(=O)[C@@H]1CCCN1C(=O)CNC(=O)C(CCCCCC)NC(=O)C(N)CSC)[C@@H](C)O)C(=O)O
460.0,Positive,"['CSME', '2-AOC', 'G', 'P', 'T', 'L', 'M', 'C', 'L']",CCCCCCC(NC(=O)C(N)CSC)C(=O)NCC(=O)N1CCC[C@H]1C(=O)N[C@H](C(=O)N[C@@H](CC(C)C)C(=O)N[C@@H](CCSC)C(=O)N[C@@H](CS)C(=O)N[C@@H](CC(C)C)C(=O)O)[C@@H](C)O
950.0,Positive,"['CSME', 'CPALA', 'G', 'P', 'T', 'L', 'M', 'C', 'L']",CSCC[C@H](NC(=O)[C@H](CC(C)C)NC(=O)[C@@H](NC(=O)[C@@H]1CCCN1C(=O)CNC(=O)C(CC1CC1)NC(=O)C(N)CSC)[C@@H](C)O)C(=O)N[C@@H](CS)C(=O)N[C@@H](CC(C)C)C(=O)O
790.0,Positive,"['CSME', 'NVA', 'G', 'P', 'T', 'L', 'M', 'C', 'PRG']",C#CCC(NC(=O)[C@H](CS)NC(=O)[C@H](CCSC)NC(=O)[C@H](CC(C)C)NC(=O)[C@@H](NC(=O)[C@@H]1CCCN1C(=O)CNC(=O)C(CCC)NC(=O)C(N)CSC)[C@@H](C)O)C(=O)O
860.0,Positive,"['CSME', 'NVA', 'G', 'P', 'T', 'L', 'M', 'C', 'L']",CCCC(NC(=O)C(N)CSC)C(=O)NCC(=O)N1CCC[C@H]1C(=O)N[C@H](C(=O)N[C@@H](CC(C)C)C(=O)N[C@@H](CCSC)C(=O)N[C@@H](CS)C(=O)N[C@@H](CC(C)C)C(=O)O)[C@@H](C)O
630.0,Positive,"['PHG', '2-AOC', 'G', 'P', 'T', 'L', 'M', 'C', 'PRG']",C#CCC(NC(=O)[C@H](CS)NC(=O)[C@H](CCSC)NC(=O)[C@H](CC(C)C)NC(=O)[C@@H](NC(=O)[C@@H]1CCCN1C(=O)CNC(=O)C(CCCCCC)NC(=O)C(N)c1ccccc1)[C@@H](C)O)C(=O)O
400.0,Positive,"['PHG', '2-AOC', 'G', 'P', 'T', 'L', 'M', 'C', 'L']",CCCCCCC(NC(=O)C(N)c1ccccc1)C(=O)NCC(=O)N1CCC[C@H]1C(=O)N[C@H](C(=O)N[C@@H](CC(C)C)C(=O)N[C@@H](CCSC)C(=O)N[C@@H](CS)C(=O)N[C@@H](CC(C)C)C(=O)O)[C@@H](C)O
620.0,Positive,"['PHG', 'CPALA', 'G', 'P', 'T', 'L', 'M', 'C', 'PRG']",C#CCC(NC(=O)[C@H](CS)NC(=O)[C@H](CCSC)NC(=O)[C@H](CC(C)C)NC(=O)[C@@H](NC(=O)[C@@H]1CCCN1C(=O)CNC(=O)C(CC1CC1)NC(=O)C(N)c1ccccc1)[C@@H](C)O)C(=O)O
870.0,Positive,"['PHG', 'CPALA', 'G', 'P', 'T', 'L', 'M', 'C', 'L']",CSCC[C@H](NC(=O)[C@H](CC(C)C)NC(=O)[C@@H](NC(=O)[C@@H]1CCCN1C(=O)CNC(=O)C(CC1CC1)NC(=O)C(N)c1ccccc1)[C@@H](C)O)C(=O)N[C@@H](CS)C(=O)N[C@@H](CC(C)C)C(=O)O
730.0,Positive,"['PHG', 'NVA', 'G', 'P', 'T', 'L', 'M', 'C', 'PRG']",C#CCC(NC(=O)[C@H](CS)NC(=O)[C@H](CCSC)NC(=O)[C@H](CC(C)C)NC(=O)[C@@H](NC(=O)[C@@H]1CCCN1C(=O)CNC(=O)C(CCC)NC(=O)C(N)c1ccccc1)[C@@H](C)O)C(=O)O
930.0,Positive,"['PHG', 'NVA', 'G', 'P', 'T', 'L', 'M', 'C', 'L']",CCCC(NC(=O)C(N)c1ccccc1)C(=O)NCC(=O)N1CCC[C@H]1C(=O)N[C@H](C(=O)N[C@@H](CC(C)C)C(=O)N[C@@H](CCSC)C(=O)N[C@@H](CS)C(=O)N[C@@H](CC(C)C)C(=O)O)[C@@H](C)O
78.0,Positive,"['R', 'L', 'D', 'PHOS_S', 'Y', 'V', 'R', 'S', 'L']",CC(C)C[C@H](NC(=O)[C@H](CO)NC(=O)[C@H](CCCNC(=N)N)NC(=O)[C@@H](NC(=O)[C@H](Cc1ccc(O)cc1)NC(=O)[C@H](COP(=O)(O)O)NC(=O)[C@H](CC(=O)O)NC(=O)[C@H](CC(C)C)NC(=O)[C@@H](N)CCCNC(=N)N)C(C)C)C(=O)O
58.0,Positive,"['G', 'L', 'D', 'PHOS_S', 'Y', 'V', 'R', 'S', 'L']",CC(C)C[C@H](NC(=O)[C@H](CO)NC(=O)[C@H](CCCNC(=N)N)NC(=O)[C@@H](NC(=O)[C@H](Cc1ccc(O)cc1)NC(=O)[C@H](COP(=O)(O)O)NC(=O)[C@H](CC(=O)O)NC(=O)[C@H](CC(C)C)NC(=O)CN)C(C)C)C(=O)O
211.0,Positive,"['G', 'L', 'D', 'PHOS_Y', 'Y', 'V', 'R', 'S', 'L']",CC(C)C[C@H](NC(=O)[C@H](CO)NC(=O)[C@H](CCCNC(=N)N)NC(=O)[C@@H](NC(=O)[C@H](Cc1ccc(O)cc1)NC(=O)C(Cc1ccc(OP(=O)(O)O)cc1)NC(=O)[C@H](CC(=O)O)NC(=O)[C@H](CC(C)C)NC(=O)CN)C(C)C)C(=O)O
67.0,Positive,"['G', 'L', 'D', 'PHOS_T', 'Y', 'V', 'R', 'S', 'L']",CC(C)C[C@H](NC(=O)[C@H](CO)NC(=O)[C@H](CCCNC(=N)N)NC(=O)[C@@H](NC(=O)[C@H](Cc1ccc(O)cc1)NC(=O)[C@H](Cc1ccc(OP(=O)(O)O)cc1)NC(=O)[C@H](CC(=O)O)NC(=O)[C@H](CC(C)C)NC(=O)CN)C(C)C)C(=O)O
38.5,Positive,"['R', 'Q', 'A', 'PHOS_S', 'L', 'S', 'I', 'S', 'V']",CC[C@H](C)[C@H](NC(=O)[C@H](CO)NC(=O)[C@H](CC(C)C)NC(=O)[C@H](COP(=O)(O)O)NC(=O)[C@H](C)NC(=O)[C@H](CCC(N)=O)NC(=O)[C@@H](N)CCCNC(=N)N)C(=O)N[C@@H](CO)C(=O)N[C@H](C(=O)O)C(C)C
25.5,Positive,"['R', 'Q', 'I', 'PHOS_S', 'Q', 'D', 'V', 'K', 'L']",CC[C@H](C)[C@H](NC(=O)[C@H](CCC(N)=O)NC(=O)[C@@H](N)CCCNC(=N)N)C(=O)N[C@@H](COP(=O)(O)O)C(=O)N[C@@H](CCC(N)=O)C(=O)N[C@@H](CC(=O)O)C(=O)N[C@H](C(=O)N[C@@H](CCCCN)C(=O)N[C@@H](CC(C)C)C(=O)O)C(C)C
37883.0,Positive,"['Q', 'H', 'L', 'OX_C', 'G', 'S', 'H', 'L', 'V']",CC(C)C[C@H](NC(=O)[C@H](Cc1c[nH]cn1)NC(=O)[C@@H](N)CCC(N)=O)C(=O)NC(CSSCC(N)C(=O)NCC(=O)N[C@@H](CO)C(=O)N[C@@H](Cc1c[nH]cn1)C(=O)N[C@@H](CC(C)C)C(=O)N[C@H](C(=O)O)C(C)C)C(=O)O
38276.0,Positive,"['C', 'G', 'S', 'H', 'L', 'V', 'E', 'A', 'L', 'SCM_Y']",CC(C)C[C@H](NC(=O)[C@H](C)NC(=O)[C@H](CCC(=O)O)NC(=O)[C@@H](NC(=O)[C@H](CC(C)C)NC(=O)[C@H](Cc1c[nH]cn1)NC(=O)[C@H](CO)NC(=O)CNC(=O)[C@@H](N)CS)C(C)C)C(=O)NC(Cc1ccc(O)c(Cl)c1)C(=O)O
35512.0,Positive,"['L', 'Y', 'L', 'V', 'OX_C', 'G', 'E', 'R', 'G', 'OX_F']",CC(C)C[C@H](NC(=O)[C@H](Cc1ccc(O)cc1)NC(=O)[C@@H](N)CC(C)C)C(=O)N[C@H](C(=O)NC(CSSCC(N)C(=O)NCC(=O)N[C@@H](CCC(=O)O)C(=O)N[C@@H](CCCNC(=N)N)C(=O)NCC(=O)NC(Cc1ccc(O)cc1)C(=O)O)C(=O)O)C(C)C
38400.0,Positive,"['C', 'G', 'E', 'R', 'G', 'F', 'F', 'SCM_Y', 'T']",C[C@@H](O)[C@H](NC(=O)C(Cc1ccc(O)c(Cl)c1)NC(=O)[C@H](Cc1ccccc1)NC(=O)[C@H](Cc1ccccc1)NC(=O)CNC(=O)[C@H](CCCNC(=N)N)NC(=O)[C@H](CCC(=O)O)NC(=O)CNC(=O)[C@@H](N)CS)C(=O)O
38093.0,Positive,"['E', 'CITR_R', 'G', 'F', 'F', 'Y', 'T', 'P', 'K']",C[C@@H](O)[C@H](NC(=O)[C@H](Cc1ccc(O)cc1)NC(=O)[C@H](Cc1ccccc1)NC(=O)[C@H](Cc1ccccc1)NC(=O)CNC(=O)[C@H](CCCNC(N)=O)NC(=O)[C@@H](N)CCC(=O)O)C(=O)N1CCC[C@H]1C(=O)N[C@@H](CCCCN)C(=O)O
36308.0,Positive,"['E', 'CITR_R', 'G', 'F', 'F', 'Y', 'T', 'P', 'K', 'T']",C[C@@H](O)[C@H](NC(=O)[C@H](CCCCN)NC(=O)[C@@H]1CCCN1C(=O)[C@@H](NC(=O)[C@H](Cc1ccc(O)cc1)NC(=O)[C@H](Cc1ccccc1)NC(=O)[C@H](Cc1ccccc1)NC(=O)CNC(=O)[C@H](CCCNC(N)=O)NC(=O)[C@@H](N)CCC(=O)O)[C@@H](C)O)C(=O)O
38420.0,Positive,"['G', 'F', 'F', 'Y', 'T', 'P', 'K', 'T', 'CITR_R']",C[C@@H](O)[C@H](NC(=O)[C@H](CCCCN)NC(=O)[C@@H]1CCCN1C(=O)[C@@H](NC(=O)[C@H](Cc1ccc(O)cc1)NC(=O)[C@H](Cc1ccccc1)NC(=O)[C@H](Cc1ccccc1)NC(=O)CN)[C@@H](C)O)C(=O)N[C@@H](CCCNC(N)=O)C(=O)O
34672.0,Positive,"['Y', 'T', 'P', 'K', 'T', 'CITR_R', 'R', 'E', 'A']",C[C@H](NC(=O)[C@H](CCC(=O)O)NC(=O)[C@H](CCCNC(=N)N)NC(=O)[C@H](CCCNC(N)=O)NC(=O)[C@@H](NC(=O)[C@H](CCCCN)NC(=O)[C@@H]1CCCN1C(=O)[C@@H](NC(=O)[C@@H](N)Cc1ccc(O)cc1)[C@@H](C)O)[C@@H](C)O)C(=O)O
34549.0,Positive,"['G', 'S', 'L', 'Q', 'K', 'CITR_R', 'G', 'I', 'V', 'E']",CC[C@H](C)[C@H](NC(=O)CNC(=O)[C@H](CCCNC(N)=O)NC(=O)[C@H](CCCCN)NC(=O)[C@H](CCC(N)=O)NC(=O)[C@H](CC(C)C)NC(=O)[C@H](CO)NC(=O)CN)C(=O)N[C@H](C(=O)N[C@@H](CCC(=O)O)C(=O)O)C(C)C
2002.0,Positive,"['G', 'P', 'OX_M', 'V', 'L', 'R', 'G', 'L', 'I', 'T']",CC[C@H](C)[C@H](NC(=O)[C@H](CC(C)C)NC(=O)CNC(=O)[C@H](CCCNC(=N)N)NC(=O)[C@H](CC(C)C)NC(=O)[C@@H](NC(=O)[C@H](CC[S@](C)=O)NC(=O)[C@@H]1CCCN1C(=O)CN)C(C)C)C(=O)N[C@H](C(=O)O)[C@@H](C)O
0.5,Positive,"['OX_M', 'L', 'L', 'G', 'S', 'OX_M', 'L', 'Y', 'OX_M']",CC(C)C[C@H](NC(=O)[C@H](CC(C)C)NC(=O)[C@@H](N)CC[S@](C)=O)C(=O)NCC(=O)N[C@@H](CO)C(=O)N[C@@H](CC[S@](C)=O)C(=O)N[C@@H](CC(C)C)C(=O)N[C@@H](Cc1ccc(O)cc1)C(=O)N[C@@H](CC[S@](C)=O)C(=O)O
12.0,Positive,"['Y', 'L', 'DEAM_N', 'S', 'T', 'DEAM_N', 'V', 'T', 'I']",CC[C@H](C)[C@H](NC(=O)[C@@H](NC(=O)[C@@H](NC(=O)C[C@H](NC(=O)[C@@H](NC(=O)[C@H](CO)NC(=O)C[C@H](NC(=O)[C@H](CC(C)C)NC(=O)[C@@H](N)Cc1ccc(O)cc1)C(=O)O)[C@@H](C)O)C(=O)O)C(C)C)[C@@H](C)O)C(=O)O
11.2,Positive-High,"['R', 'Q', 'A', 'PHOS_S', 'I', 'E', 'L', 'P', 'S', 'M']",CC[C@H](C)[C@H](NC(=O)[C@H](COP(=O)(O)O)NC(=O)[C@H](C)NC(=O)[C@H](CCC(N)=O)NC(=O)[C@@H](N)CCCNC(=N)N)C(=O)N[C@@H](CCC(=O)O)C(=O)N[C@@H](CC(C)C)C(=O)N1CCC[C@H]1C(=O)N[C@@H](CO)C(=O)N[C@@H](CCSC)C(=O)O
3.4,Positive-High,"['K', 'M', 'D', 'PHOS_S', 'F', 'L', 'D', 'M', 'Q', 'L']",CSCC[C@H](NC(=O)[C@H](CC(=O)O)NC(=O)[C@H](CC(C)C)NC(=O)[C@H](Cc1ccccc1)NC(=O)[C@H](COP(=O)(O)O)NC(=O)[C@H](CC(=O)O)NC(=O)[C@H](CCSC)NC(=O)[C@@H](N)CCCCN)C(=O)N[C@@H](CCC(N)=O)C(=O)N[C@@H](CC(C)C)C(=O)O
2.3,Positive-High,"['OX_M', 'L', 'Y', 'Q', 'H', 'L', 'L', 'P', 'L']",CC(C)C[C@H](NC(=O)[C@@H]1CCCN1C(=O)[C@H](CC(C)C)NC(=O)[C@H](CC(C)C)NC(=O)[C@H](Cc1c[nH]cn1)NC(=O)[C@H](CCC(N)=O)NC(=O)[C@H](Cc1ccc(O)cc1)NC(=O)[C@H](CC(C)C)NC(=O)[C@@H](N)CC[S@](C)=O)C(=O)O
28.0,Positive-High,"['A', 'L', 'W', 'M', 'CITR_R', 'L', 'L', 'P', 'L']",CSCC[C@H](NC(=O)[C@H](Cc1c[nH]c2ccccc12)NC(=O)[C@H](CC(C)C)NC(=O)[C@H](C)N)C(=O)N[C@@H](CCCNC(N)=O)C(=O)N[C@@H](CC(C)C)C(=O)N[C@@H](CC(C)C)C(=O)N1CCC[C@H]1C(=O)N[C@@H](CC(C)C)C(=O)O
18.0,Positive-High,"['I', 'L', 'AIB_C', 'E', 'T', 'AIB_C', 'L', 'I', 'V']",CCC(NC(=O)[C@H](CC(C)C)NC(=O)[C@@H](N)[C@@H](C)CC)C(=O)N[C@@H](CCC(=O)O)C(=O)N[C@H](C(=O)NC(CC)C(=O)N[C@@H](CC(C)C)C(=O)N[C@H](C(=O)N[C@H](C(=O)O)C(C)C)[C@@H](C)CC)[C@@H](C)O
11.0,Positive-High,"['R', 'L', 'P', 'R', 'I', 'F', 'C', 'S', 'AIB_C']",CCC(NC(=O)[C@H](CO)NC(=O)[C@H](CS)NC(=O)[C@H](Cc1ccccc1)NC(=O)[C@@H](NC(=O)[C@H](CCCNC(=N)N)NC(=O)[C@@H]1CCCN1C(=O)[C@H](CC(C)C)NC(=O)[C@@H](N)CCCNC(=N)N)[C@@H](C)CC)C(=O)O
4.7,Positive-High,"['R', 'L', 'P', 'R', 'I', 'F', 'AIB_C', 'S', 'AIB_C']",CCC(NC(=O)[C@H](CO)NC(=O)C(CC)NC(=O)[C@H](Cc1ccccc1)NC(=O)[C@@H](NC(=O)[C@H](CCCNC(=N)N)NC(=O)[C@@H]1CCCN1C(=O)[C@H](CC(C)C)NC(=O)[C@@H](N)CCCNC(=N)N)[C@@H](C)CC)C(=O)O
0.6,Positive-High,"['V', 'L', 'P', 'D', 'V', 'F', 'I', 'R', 'AIB_C']",CCC(NC(=O)[C@H](CCCNC(=N)N)NC(=O)[C@@H](NC(=O)[C@H](Cc1ccccc1)NC(=O)[C@@H](NC(=O)[C@H](CC(=O)O)NC(=O)[C@@H]1CCCN1C(=O)[C@H](CC(C)C)NC(=O)[C@@H](N)C(C)C)C(C)C)[C@@H](C)CC)C(=O)O
211.0,Positive-Intermediate,"['G', 'L', 'D', 'PHOS_Y', 'Y', 'V', 'R', 'S', 'L']",CC(C)C[C@H](NC(=O)[C@H](CO)NC(=O)[C@H](CCCNC(=N)N)NC(=O)[C@@H](NC(=O)[C@H](Cc1ccc(O)cc1)NC(=O)C(Cc1ccc(OP(=O)(O)O)cc1)NC(=O)[C@H](CC(=O)O)NC(=O)[C@H](CC(C)C)NC(=O)CN)C(C)C)C(=O)O
262.0,Positive-Intermediate,"['M', 'A', 'L', 'W', 'M', 'CITR_R', 'L', 'L', 'P', 'L']",CSCC[C@H](NC(=O)[C@H](Cc1c[nH]c2ccccc12)NC(=O)[C@H](CC(C)C)NC(=O)[C@H](C)NC(=O)[C@@H](N)CCSC)C(=O)N[C@@H](CCCNC(N)=O)C(=O)N[C@@H](CC(C)C)C(=O)N[C@@H](CC(C)C)C(=O)N1CCC[C@H]1C(=O)N[C@@H](CC(C)C)C(=O)O
69.0,Positive-Intermediate,"['A', 'L', 'W', 'M', 'CITR_R', 'L', 'L', 'P', 'L', 'L']",CSCC[C@H](NC(=O)[C@H](Cc1c[nH]c2ccccc12)NC(=O)[C@H](CC(C)C)NC(=O)[C@H](C)N)C(=O)N[C@@H](CCCNC(N)=O)C(=O)N[C@@H](CC(C)C)C(=O)N[C@@H](CC(C)C)C(=O)N1CCC[C@H]1C(=O)N[C@@H](CC(C)C)C(=O)N[C@@H](CC(C)C)C(=O)O
148.0,Positive-Intermediate,"['L', 'W', 'M', 'CITR_R', 'L', 'L', 'P', 'L', 'L']",CSCC[C@H](NC(=O)[C@H](Cc1c[nH]c2ccccc12)NC(=O)[C@@H](N)CC(C)C)C(=O)N[C@@H](CCCNC(N)=O)C(=O)N[C@@H](CC(C)C)C(=O)N[C@@H](CC(C)C)C(=O)N1CCC[C@H]1C(=O)N[C@@H](CC(C)C)C(=O)N[C@@H](CC(C)C)C(=O)O
61.0,Positive-Intermediate,"['L', 'W', 'M', 'CITR_R', 'L', 'L', 'P', 'L', 'L', 'A']",CSCC[C@H](NC(=O)[C@H](Cc1c[nH]c2ccccc12)NC(=O)[C@@H](N)CC(C)C)C(=O)N[C@@H](CCCNC(N)=O)C(=O)N[C@@H](CC(C)C)C(=O)N[C@@H](CC(C)C)C(=O)N1CCC[C@H]1C(=O)N[C@@H](CC(C)C)C(=O)N[C@@H](CC(C)C)C(=O)N[C@@H](C)C(=O)O
310.0,Positive-Intermediate,"['W', 'M', 'CITR_R', 'L', 'L', 'P', 'L', 'L', 'A', 'L']",CSCC[C@H](NC(=O)[C@@H](N)Cc1c[nH]c2ccccc12)C(=O)N[C@@H](CCCNC(N)=O)C(=O)N[C@@H](CC(C)C)C(=O)N[C@@H](CC(C)C)C(=O)N1CCC[C@H]1C(=O)N[C@@H](CC(C)C)C(=O)N[C@@H](CC(C)C)C(=O)N[C@@H](C)C(=O)N[C@@H](CC(C)C)C(=O)O
98.0,Positive-Intermediate,"['M', 'CITR_R', 'L', 'L', 'P', 'L', 'L', 'A', 'L', 'L']",CSCC[C@H](N)C(=O)N[C@@H](CCCNC(N)=O)C(=O)N[C@@H](CC(C)C)C(=O)N[C@@H](CC(C)C)C(=O)N1CCC[C@H]1C(=O)N[C@@H](CC(C)C)C(=O)N[C@@H](CC(C)C)C(=O)N[C@@H](C)C(=O)N[C@@H](CC(C)C)C(=O)N[C@@H](CC(C)C)C(=O)O
83.0,Positive-Intermediate,"['CITR_R', 'L', 'L', 'P', 'L', 'L', 'A', 'L', 'L']",CC(C)C[C@H](NC(=O)[C@H](CC(C)C)NC(=O)[C@H](C)NC(=O)[C@H](CC(C)C)NC(=O)[C@H](CC(C)C)NC(=O)[C@@H]1CCCN1C(=O)[C@H](CC(C)C)NC(=O)[C@H](CC(C)C)NC(=O)[C@@H](N)CCCNC(N)=O)C(=O)O
70.0,Positive-Intermediate,"['CITR_R', 'L', 'L', 'P', 'L', 'L', 'A', 'L', 'L', 'A']",CC(C)C[C@H](NC(=O)[C@H](C)NC(=O)[C@H](CC(C)C)NC(=O)[C@H](CC(C)C)NC(=O)[C@@H]1CCCN1C(=O)[C@H](CC(C)C)NC(=O)[C@H](CC(C)C)NC(=O)[C@@H](N)CCCNC(N)=O)C(=O)N[C@@H](CC(C)C)C(=O)N[C@@H](C)C(=O)O
445.0,Positive-Intermediate,"['S', 'H', 'L', 'V', 'E', 'A', 'L', 'SCM_Y', 'L']",CC(C)C[C@H](NC(=O)C(Cc1ccc(O)c(Cl)c1)NC(=O)[C@H](CC(C)C)NC(=O)[C@H](C)NC(=O)[C@H](CCC(=O)O)NC(=O)[C@@H](NC(=O)[C@H](CC(C)C)NC(=O)[C@H](Cc1c[nH]cn1)NC(=O)[C@@H](N)CO)C(C)C)C(=O)O
55.0,Positive-Intermediate,"['H', 'L', 'V', 'E', 'A', 'L', 'SCM_Y', 'L', 'V']",CC(C)C[C@H](NC(=O)C(Cc1ccc(O)c(Cl)c1)NC(=O)[C@H](CC(C)C)NC(=O)[C@H](C)NC(=O)[C@H](CCC(=O)O)NC(=O)[C@@H](NC(=O)[C@H](CC(C)C)NC(=O)[C@@H](N)Cc1c[nH]cn1)C(C)C)C(=O)N[C@H](C(=O)O)C(C)C
64.0,Positive-Intermediate,"['S', 'L', 'L', 'M', 'W', 'I', 'T', 'Q', 'AIB_C']",CCC(NC(=O)[C@H](CCC(N)=O)NC(=O)[C@@H](NC(=O)[C@@H](NC(=O)[C@H](Cc1c[nH]c2ccccc12)NC(=O)[C@H](CCSC)NC(=O)[C@H](CC(C)C)NC(=O)[C@H](CC(C)C)NC(=O)[C@@H](N)CO)[C@@H](C)CC)[C@@H](C)O)C(=O)O
212.0,Positive-Intermediate,"['AIB_C', 'I', 'S', 'S', 'C', 'N', 'P', 'N', 'L']",CCC(N)C(=O)N[C@H](C(=O)N[C@@H](CO)C(=O)N[C@@H](CO)C(=O)N[C@@H](CS)C(=O)N[C@@H](CC(N)=O)C(=O)N1CCC[C@H]1C(=O)N[C@@H](CC(N)=O)C(=O)N[C@@H](CC(C)C)C(=O)O)[C@@H](C)CC
143.0,Positive-Intermediate,"['AIB_C', 'Q', 'W', 'G', 'R', 'L', 'W', 'Q', 'L']",CCC(N)C(=O)N[C@@H](CCC(N)=O)C(=O)N[C@@H](Cc1c[nH]c2ccccc12)C(=O)NCC(=O)N[C@@H](CCCNC(=N)N)C(=O)N[C@@H](CC(C)C)C(=O)N[C@@H](Cc1c[nH]c2ccccc12)C(=O)N[C@@H](CCC(N)=O)C(=O)N[C@@H](CC(C)C)C(=O)O
63.0,Positive-Intermediate,"['I', 'L', 'AIB_C', 'E', 'T', 'C', 'L', 'I', 'V']",CCC(NC(=O)[C@H](CC(C)C)NC(=O)[C@@H](N)[C@@H](C)CC)C(=O)N[C@@H](CCC(=O)O)C(=O)N[C@H](C(=O)N[C@@H](CS)C(=O)N[C@@H](CC(C)C)C(=O)N[C@H](C(=O)N[C@H](C(=O)O)C(C)C)[C@@H](C)CC)[C@@H](C)O
162.0,Positive-Intermediate,"['I', 'L', 'C', 'E', 'T', 'AIB_C', 'L', 'I', 'V']",CCC(NC(=O)[C@@H](NC(=O)[C@H](CCC(=O)O)NC(=O)[C@H](CS)NC(=O)[C@H](CC(C)C)NC(=O)[C@@H](N)[C@@H](C)CC)[C@@H](C)O)C(=O)N[C@@H](CC(C)C)C(=O)N[C@H](C(=O)N[C@H](C(=O)O)C(C)C)[C@@H](C)CC
419.0,Positive-Intermediate,"['I', 'L', 'AIB_C', 'G', 'T', 'C', 'L', 'I', 'V']",CCC(NC(=O)[C@H](CC(C)C)NC(=O)[C@@H](N)[C@@H](C)CC)C(=O)NCC(=O)N[C@H](C(=O)N[C@@H](CS)C(=O)N[C@@H](CC(C)C)C(=O)N[C@H](C(=O)N[C@H](C(=O)O)C(C)C)[C@@H](C)CC)[C@@H](C)O
337.0,Positive-Intermediate,"['H', 'M', 'T', 'E', 'V', 'V', 'R', 'R', 'AIB_C']",CCC(NC(=O)[C@H](CCCNC(=N)N)NC(=O)[C@H](CCCNC(=N)N)NC(=O)[C@@H](NC(=O)[C@@H](NC(=O)[C@H](CCC(=O)O)NC(=O)[C@@H](NC(=O)[C@H](CCSC)NC(=O)[C@@H](N)Cc1c[nH]cn1)[C@@H](C)O)C(C)C)C(C)C)C(=O)O
318.0,Positive-Intermediate,"['H', 'M', 'T', 'E', 'V', 'V', 'R', 'H', 'AIB_C']",CCC(NC(=O)[C@H](Cc1c[nH]cn1)NC(=O)[C@H](CCCNC(=N)N)NC(=O)[C@@H](NC(=O)[C@@H](NC(=O)[C@H](CCC(=O)O)NC(=O)[C@@H](NC(=O)[C@H](CCSC)NC(=O)[C@@H](N)Cc1c[nH]cn1)[C@@H](C)O)C(C)C)C(C)C)C(=O)O
1171.0,Positive-Low,"['V', 'L', 'R', 'D', 'D', 'L', 'SCM_C', 'E', 'A']",CC(C)CC(NC(=O)[C@H](CC(C)C)NC(=O)[C@H](CC(=O)O)NC(=O)[C@H](CC(=O)O)NC(=O)[C@H](CCCNC(=N)N)NC(=O)[C@H](CC(C)C)NC(=O)[C@@H](N)C(C)C)C(=O)N[C@@H](CCC(=O)O)C(=O)N[C@@H](C)C(=O)O
2117.0,Positive-Low,"['M', 'A', 'L', 'W', 'M', 'CITR_R', 'L', 'L', 'P']",CSCC[C@H](NC(=O)[C@H](Cc1c[nH]c2ccccc12)NC(=O)[C@H](CC(C)C)NC(=O)[C@H](C)NC(=O)[C@@H](N)CCSC)C(=O)N[C@@H](CCCNC(N)=O)C(=O)N[C@@H](CC(C)C)C(=O)N[C@@H](CC(C)C)C(=O)N1CCC[C@H]1C(=O)O
1007.0,Positive-Low,"['W', 'M', 'CITR_R', 'L', 'L', 'P', 'L', 'L', 'A']",CSCC[C@H](NC(=O)[C@@H](N)Cc1c[nH]c2ccccc12)C(=O)N[C@@H](CCCNC(N)=O)C(=O)N[C@@H](CC(C)C)C(=O)N[C@@H](CC(C)C)C(=O)N1CCC[C@H]1C(=O)N[C@@H](CC(C)C)C(=O)N[C@@H](CC(C)C)C(=O)N[C@@H](C)C(=O)O
1863.0,Positive-Low,"['M', 'CITR_R', 'L', 'L', 'P', 'L', 'L', 'A', 'L']",CSCC[C@H](N)C(=O)N[C@@H](CCCNC(N)=O)C(=O)N[C@@H](CC(C)C)C(=O)N[C@@H](CC(C)C)C(=O)N1CCC[C@H]1C(=O)N[C@@H](CC(C)C)C(=O)N[C@@H](CC(C)C)C(=O)N[C@@H](C)C(=O)N[C@@H](CC(C)C)C(=O)O
7237.0,Positive-Low,"['DEAM_Q', 'H', 'L', 'C', 'G', 'S', 'H', 'L', 'V']",CC(C)C[C@H](NC(=O)[C@H](Cc1c[nH]cn1)NC(=O)[C@@H](N)CCC(=O)O)C(=O)N[C@@H](CS)C(=O)NCC(=O)N[C@@H](CO)C(=O)N[C@@H](Cc1c[nH]cn1)C(=O)N[C@@H](CC(C)C)C(=O)N[C@H](C(=O)O)C(C)C
6210.0,Positive-Low,"['H', 'L', 'OX_C', 'G', 'S', 'H', 'L', 'V', 'E', 'A']",CC(C)C[C@H](NC(=O)[C@H](Cc1c[nH]cn1)NC(=O)[C@H](CO)NC(=O)CNC(=O)C(N)CSSCC(NC(=O)[C@H](CC(C)C)NC(=O)[C@@H](N)Cc1c[nH]cn1)C(=O)O)C(=O)N[C@H](C(=O)N[C@@H](CCC(=O)O)C(=O)N[C@@H](C)C(=O)O)C(C)C
14796.0,Positive-Low,"['L', 'OX_C', 'G', 'S', 'H', 'L', 'V', 'E', 'A']",CC(C)C[C@H](NC(=O)[C@H](Cc1c[nH]cn1)NC(=O)[C@H](CO)NC(=O)CNC(=O)C(N)CSSCC(NC(=O)[C@@H](N)CC(C)C)C(=O)O)C(=O)N[C@H](C(=O)N[C@@H](CCC(=O)O)C(=O)N[C@@H](C)C(=O)O)C(C)C
8043.0,Positive-Low,"['OX_C', 'G', 'S', 'H', 'L', 'V', 'E', 'A', 'L', 'Y']",CC(C)C[C@H](NC(=O)[C@H](C)NC(=O)[C@H](CCC(=O)O)NC(=O)[C@@H](NC(=O)[C@H](CC(C)C)NC(=O)[C@H](Cc1c[nH]cn1)NC(=O)[C@H](CO)NC(=O)CNC(=O)C(N)CSSCC(N)C(=O)O)C(C)C)C(=O)N[C@@H](Cc1ccc(O)cc1)C(=O)O
30634.0,Positive-Low,"['G', 'S', 'H', 'L', 'V', 'E', 'A', 'L', 'SCM_Y']",CC(C)C[C@H](NC(=O)[C@H](C)NC(=O)[C@H](CCC(=O)O)NC(=O)[C@@H](NC(=O)[C@H](CC(C)C)NC(=O)[C@H](Cc1c[nH]cn1)NC(=O)[C@H](CO)NC(=O)CN)C(C)C)C(=O)NC(Cc1ccc(O)c(Cl)c1)C(=O)O
6837.0,Positive-Low,"['G', 'S', 'H', 'L', 'V', 'E', 'A', 'L', 'SCM_Y', 'L']",CC(C)C[C@H](NC(=O)C(Cc1ccc(O)c(Cl)c1)NC(=O)[C@H](CC(C)C)NC(=O)[C@H](C)NC(=O)[C@H](CCC(=O)O)NC(=O)[C@@H](NC(=O)[C@H](CC(C)C)NC(=O)[C@H](Cc1c[nH]cn1)NC(=O)[C@H](CO)NC(=O)CN)C(C)C)C(=O)O
1066.0,Positive-Low,"['S', 'H', 'L', 'V', 'E', 'A', 'L', 'SCM_Y', 'L', 'V']",CC(C)C[C@H](NC(=O)C(Cc1ccc(O)c(Cl)c1)NC(=O)[C@H](CC(C)C)NC(=O)[C@H](C)NC(=O)[C@H](CCC(=O)O)NC(=O)[C@@H](NC(=O)[C@H](CC(C)C)NC(=O)[C@H](Cc1c[nH]cn1)NC(=O)[C@@H](N)CO)C(C)C)C(=O)N[C@H](C(=O)O)C(C)C
2132.0,Positive-Low,"['H', 'L', 'V', 'E', 'A', 'L', 'SCM_Y', 'L', 'V', 'C']",CC(C)C[C@H](NC(=O)C(Cc1ccc(O)c(Cl)c1)NC(=O)[C@H](CC(C)C)NC(=O)[C@H](C)NC(=O)[C@H](CCC(=O)O)NC(=O)[C@@H](NC(=O)[C@H](CC(C)C)NC(=O)[C@@H](N)Cc1c[nH]cn1)C(C)C)C(=O)N[C@H](C(=O)N[C@@H](CS)C(=O)O)C(C)C
11768.0,Positive-Low,"['L', 'V', 'E', 'A', 'L', 'SCM_Y', 'L', 'V', 'C']",CC(C)C[C@H](NC(=O)C(Cc1ccc(O)c(Cl)c1)NC(=O)[C@H](CC(C)C)NC(=O)[C@H](C)NC(=O)[C@H](CCC(=O)O)NC(=O)[C@@H](NC(=O)[C@@H](N)CC(C)C)C(C)C)C(=O)N[C@H](C(=O)N[C@@H](CS)C(=O)O)C(C)C
15300.0,Positive-Low,"['L', 'V', 'E', 'A', 'L', 'SCM_Y', 'L', 'V', 'C', 'G']",CC(C)C[C@H](NC(=O)C(Cc1ccc(O)c(Cl)c1)NC(=O)[C@H](CC(C)C)NC(=O)[C@H](C)NC(=O)[C@H](CCC(=O)O)NC(=O)[C@@H](NC(=O)[C@@H](N)CC(C)C)C(C)C)C(=O)N[C@H](C(=O)N[C@@H](CS)C(=O)NCC(=O)O)C(C)C
18759.0,Positive-Low,"['V', 'E', 'A', 'L', 'SCM_Y', 'L', 'V', 'C', 'G']",CC(C)C[C@H](NC(=O)C(Cc1ccc(O)c(Cl)c1)NC(=O)[C@H](CC(C)C)NC(=O)[C@H](C)NC(=O)[C@H](CCC(=O)O)NC(=O)[C@@H](N)C(C)C)C(=O)N[C@H](C(=O)N[C@@H](CS)C(=O)NCC(=O)O)C(C)C
13342.0,Positive-Low,"['E', 'A', 'L', 'SCM_Y', 'L', 'V', 'C', 'G', 'E']",CC(C)C[C@H](NC(=O)C(Cc1ccc(O)c(Cl)c1)NC(=O)[C@H](CC(C)C)NC(=O)[C@H](C)NC(=O)[C@@H](N)CCC(=O)O)C(=O)N[C@H](C(=O)N[C@@H](CS)C(=O)NCC(=O)N[C@@H](CCC(=O)O)C(=O)O)C(C)C
3100.0,Positive-Low,"['E', 'A', 'L', 'Y', 'L', 'V', 'C', 'G', 'E', 'CITR_R']",CC(C)C[C@H](NC(=O)[C@H](C)NC(=O)[C@@H](N)CCC(=O)O)C(=O)N[C@@H](Cc1ccc(O)cc1)C(=O)N[C@@H](CC(C)C)C(=O)N[C@H](C(=O)N[C@@H](CS)C(=O)NCC(=O)N[C@@H](CCC(=O)O)C(=O)N[C@@H](CCCNC(N)=O)C(=O)O)C(C)C
8562.0,Positive-Low,"['E', 'A', 'L', 'SCM_Y', 'L', 'V', 'C', 'G', 'E', 'R']",CC(C)C[C@H](NC(=O)C(Cc1ccc(O)c(Cl)c1)NC(=O)[C@H](CC(C)C)NC(=O)[C@H](C)NC(=O)[C@@H](N)CCC(=O)O)C(=O)N[C@H](C(=O)N[C@@H](CS)C(=O)NCC(=O)N[C@@H](CCC(=O)O)C(=O)N[C@@H](CCCNC(=N)N)C(=O)O)C(C)C
2988.0,Positive-Low,"['A', 'L', 'SCM_Y', 'L', 'V', 'C', 'G', 'E', 'R']",CC(C)C[C@H](NC(=O)C(Cc1ccc(O)c(Cl)c1)NC(=O)[C@H](CC(C)C)NC(=O)[C@H](C)N)C(=O)N[C@H](C(=O)N[C@@H](CS)C(=O)NCC(=O)N[C@@H](CCC(=O)O)C(=O)N[C@@H](CCCNC(=N)N)C(=O)O)C(C)C
1241.0,Positive-Low,"['A', 'L', 'Y', 'L', 'V', 'C', 'G', 'E', 'CITR_R']",CC(C)C[C@H](NC(=O)[C@H](C)N)C(=O)N[C@@H](Cc1ccc(O)cc1)C(=O)N[C@@H](CC(C)C)C(=O)N[C@H](C(=O)N[C@@H](CS)C(=O)NCC(=O)N[C@@H](CCC(=O)O)C(=O)N[C@@H](CCCNC(N)=O)C(=O)O)C(C)C
2734.0,Positive-Low,"['A', 'L', 'SCM_Y', 'L', 'V', 'C', 'G', 'E', 'R', 'G']",CC(C)C[C@H](NC(=O)C(Cc1ccc(O)c(Cl)c1)NC(=O)[C@H](CC(C)C)NC(=O)[C@H](C)N)C(=O)N[C@H](C(=O)N[C@@H](CS)C(=O)NCC(=O)N[C@@H](CCC(=O)O)C(=O)N[C@@H](CCCNC(=N)N)C(=O)NCC(=O)O)C(C)C
9076.0,Positive-Low,"['A', 'L', 'Y', 'L', 'V', 'C', 'G', 'E', 'CITR_R', 'G']",CC(C)C[C@H](NC(=O)[C@H](C)N)C(=O)N[C@@H](Cc1ccc(O)cc1)C(=O)N[C@@H](CC(C)C)C(=O)N[C@H](C(=O)N[C@@H](CS)C(=O)NCC(=O)N[C@@H](CCC(=O)O)C(=O)N[C@@H](CCCNC(N)=O)C(=O)NCC(=O)O)C(C)C
12493.0,Positive-Low,"['L', 'Y', 'L', 'V', 'C', 'G', 'E', 'CITR_R', 'G']",CC(C)C[C@H](NC(=O)[C@H](Cc1ccc(O)cc1)NC(=O)[C@@H](N)CC(C)C)C(=O)N[C@H](C(=O)N[C@@H](CS)C(=O)NCC(=O)N[C@@H](CCC(=O)O)C(=O)N[C@@H](CCCNC(N)=O)C(=O)NCC(=O)O)C(C)C
19307.0,Positive-Low,"['L', 'SCM_Y', 'L', 'V', 'C', 'G', 'E', 'R', 'G']",CC(C)C[C@H](NC(=O)C(Cc1ccc(O)c(Cl)c1)NC(=O)[C@@H](N)CC(C)C)C(=O)N[C@H](C(=O)N[C@@H](CS)C(=O)NCC(=O)N[C@@H](CCC(=O)O)C(=O)N[C@@H](CCCNC(=N)N)C(=O)NCC(=O)O)C(C)C
14255.0,Positive-Low,"['L', 'SCM_Y', 'L', 'V', 'C', 'G', 'E', 'R', 'G', 'F']",CC(C)C[C@H](NC(=O)C(Cc1ccc(O)c(Cl)c1)NC(=O)[C@@H](N)CC(C)C)C(=O)N[C@H](C(=O)N[C@@H](CS)C(=O)NCC(=O)N[C@@H](CCC(=O)O)C(=O)N[C@@H](CCCNC(=N)N)C(=O)NCC(=O)N[C@@H](Cc1ccccc1)C(=O)O)C(C)C
18784.0,Positive-Low,"['L', 'Y', 'L', 'V', 'C', 'G', 'E', 'CITR_R', 'G', 'F']",CC(C)C[C@H](NC(=O)[C@H](Cc1ccc(O)cc1)NC(=O)[C@@H](N)CC(C)C)C(=O)N[C@H](C(=O)N[C@@H](CS)C(=O)NCC(=O)N[C@@H](CCC(=O)O)C(=O)N[C@@H](CCCNC(N)=O)C(=O)NCC(=O)N[C@@H](Cc1ccccc1)C(=O)O)C(C)C
3163.0,Positive-Low,"['SCM_Y', 'L', 'V', 'C', 'G', 'E', 'R', 'G', 'F']",CC(C)C[C@H](NC(=O)C(N)Cc1ccc(O)c(Cl)c1)C(=O)N[C@H](C(=O)N[C@@H](CS)C(=O)NCC(=O)N[C@@H](CCC(=O)O)C(=O)N[C@@H](CCCNC(=N)N)C(=O)NCC(=O)N[C@@H](Cc1ccccc1)C(=O)O)C(C)C
3244.0,Positive-Low,"['Y', 'L', 'V', 'OX_C', 'G', 'E', 'R', 'G', 'OX_F']",CC(C)C[C@H](NC(=O)[C@@H](N)Cc1ccc(O)cc1)C(=O)N[C@H](C(=O)NC(CSSCC(N)C(=O)NCC(=O)N[C@@H](CCC(=O)O)C(=O)N[C@@H](CCCNC(=N)N)C(=O)NCC(=O)NC(Cc1ccc(O)cc1)C(=O)O)C(=O)O)C(C)C
11365.0,Positive-Low,"['Y', 'L', 'V', 'C', 'G', 'E', 'CITR_R', 'G', 'F']",CC(C)C[C@H](NC(=O)[C@@H](N)Cc1ccc(O)cc1)C(=O)N[C@H](C(=O)N[C@@H](CS)C(=O)NCC(=O)N[C@@H](CCC(=O)O)C(=O)N[C@@H](CCCNC(N)=O)C(=O)NCC(=O)N[C@@H](Cc1ccccc1)C(=O)O)C(C)C
10814.0,Positive-Low,"['Y', 'L', 'V', 'C', 'G', 'E', 'R', 'G', 'OX_F']",CC(C)C[C@H](NC(=O)[C@@H](N)Cc1ccc(O)cc1)C(=O)N[C@H](C(=O)N[C@@H](CS)C(=O)NCC(=O)N[C@@H](CCC(=O)O)C(=O)N[C@@H](CCCNC(=N)N)C(=O)NCC(=O)NC(Cc1ccc(O)cc1)C(=O)O)C(C)C
1690.0,Positive-Low,"['SCM_Y', 'L', 'V', 'C', 'G', 'E', 'R', 'G', 'F', 'F']",CC(C)C[C@H](NC(=O)C(N)Cc1ccc(O)c(Cl)c1)C(=O)N[C@H](C(=O)N[C@@H](CS)C(=O)NCC(=O)N[C@@H](CCC(=O)O)C(=O)N[C@@H](CCCNC(=N)N)C(=O)NCC(=O)N[C@@H](Cc1ccccc1)C(=O)N[C@@H](Cc1ccccc1)C(=O)O)C(C)C
2617.0,Positive-Low,"['Y', 'L', 'V', 'C', 'G', 'E', 'CITR_R', 'G', 'F', 'F']",CC(C)C[C@H](NC(=O)[C@@H](N)Cc1ccc(O)cc1)C(=O)N[C@H](C(=O)N[C@@H](CS)C(=O)NCC(=O)N[C@@H](CCC(=O)O)C(=O)N[C@@H](CCCNC(N)=O)C(=O)NCC(=O)N[C@@H](Cc1ccccc1)C(=O)N[C@@H](Cc1ccccc1)C(=O)O)C(C)C
2009.0,Positive-Low,"['Y', 'L', 'V', 'C', 'G', 'E', 'R', 'G', 'F', 'OX_Y']",CC(C)C[C@H](NC(=O)[C@@H](N)Cc1ccc(O)cc1)C(=O)N[C@H](C(=O)N[C@@H](CS)C(=O)NCC(=O)N[C@@H](CCC(=O)O)C(=O)N[C@@H](CCCNC(=N)N)C(=O)NCC(=O)N[C@@H](Cc1ccccc1)C(=O)NC(Cc1ccc(O)cc1)C(=O)O)C(C)C
2421.0,Positive-Low,"['Y', 'L', 'V', 'OX_C', 'G', 'E', 'R', 'G', 'OX_F', 'OX_F']",CC(C)C[C@H](NC(=O)[C@@H](N)Cc1ccc(O)cc1)C(=O)N[C@H](C(=O)NC(CSSCC(N)C(=O)NCC(=O)N[C@@H](CCC(=O)O)C(=O)N[C@@H](CCCNC(=N)N)C(=O)NCC(=O)NC(Cc1ccc(O)cc1)C(=O)NC(Cc1ccc(O)cc1)C(=O)O)C(=O)O)C(C)C
27675.0,Positive-Low,"['L', 'V', 'C', 'G', 'E', 'R', 'G', 'F', 'F', 'SCM_Y']",CC(C)C[C@H](N)C(=O)N[C@H](C(=O)N[C@@H](CS)C(=O)NCC(=O)N[C@@H](CCC(=O)O)C(=O)N[C@@H](CCCNC(=N)N)C(=O)NCC(=O)N[C@@H](Cc1ccccc1)C(=O)N[C@@H](Cc1ccccc1)C(=O)NC(Cc1ccc(O)c(Cl)c1)C(=O)O)C(C)C
33476.0,Positive-Low,"['V', 'C', 'G', 'E', 'CITR_R', 'G', 'F', 'F', 'Y']",CC(C)[C@H](N)C(=O)N[C@@H](CS)C(=O)NCC(=O)N[C@@H](CCC(=O)O)C(=O)N[C@@H](CCCNC(N)=O)C(=O)NCC(=O)N[C@@H](Cc1ccccc1)C(=O)N[C@@H](Cc1ccccc1)C(=O)N[C@@H](Cc1ccc(O)cc1)C(=O)O
26255.0,Positive-Low,"['C', 'G', 'E', 'R', 'G', 'OX_F', 'F', 'Y', 'T']",C[C@@H](O)[C@H](NC(=O)[C@H](Cc1ccc(O)cc1)NC(=O)[C@H](Cc1ccccc1)NC(=O)C(Cc1ccc(O)cc1)NC(=O)CNC(=O)[C@H](CCCNC(=N)N)NC(=O)[C@H](CCC(=O)O)NC(=O)CNC(=O)[C@@H](N)CS)C(=O)O
27807.0,Positive-Low,"['C', 'G', 'E', 'R', 'G', 'F', 'F', 'SCM_Y', 'T', 'P']",C[C@@H](O)[C@H](NC(=O)C(Cc1ccc(O)c(Cl)c1)NC(=O)[C@H](Cc1ccccc1)NC(=O)[C@H](Cc1ccccc1)NC(=O)CNC(=O)[C@H](CCCNC(=N)N)NC(=O)[C@H](CCC(=O)O)NC(=O)CNC(=O)[C@@H](N)CS)C(=O)N1CCC[C@H]1C(=O)O
5730.0,Positive-Low,"['E', 'R', 'G', 'OX_F', 'OX_F', 'Y', 'T', 'P', 'K', 'T']",C[C@@H](O)[C@H](NC(=O)[C@H](CCCCN)NC(=O)[C@@H]1CCCN1C(=O)[C@@H](NC(=O)[C@H](Cc1ccc(O)cc1)NC(=O)C(Cc1ccc(O)cc1)NC(=O)C(Cc1ccc(O)cc1)NC(=O)CNC(=O)[C@H](CCCNC(=N)N)NC(=O)[C@@H](N)CCC(=O)O)[C@@H](C)O)C(=O)O
8805.0,Positive-Low,"['R', 'G', 'OX_F', 'OX_F', 'Y', 'T', 'P', 'K', 'T']",C[C@@H](O)[C@H](NC(=O)[C@H](CCCCN)NC(=O)[C@@H]1CCCN1C(=O)[C@@H](NC(=O)[C@H](Cc1ccc(O)cc1)NC(=O)C(Cc1ccc(O)cc1)NC(=O)C(Cc1ccc(O)cc1)NC(=O)CNC(=O)[C@@H](N)CCCNC(=N)N)[C@@H](C)O)C(=O)O
27300.0,Positive-Low,"['CITR_R', 'G', 'F', 'F', 'Y', 'T', 'P', 'K', 'T']",C[C@@H](O)[C@H](NC(=O)[C@H](CCCCN)NC(=O)[C@@H]1CCCN1C(=O)[C@@H](NC(=O)[C@H](Cc1ccc(O)cc1)NC(=O)[C@H](Cc1ccccc1)NC(=O)[C@H](Cc1ccccc1)NC(=O)CNC(=O)[C@@H](N)CCCNC(N)=O)[C@@H](C)O)C(=O)O
28285.0,Positive-Low,"['F', 'F', 'Y', 'T', 'P', 'K', 'T', 'CITR_R', 'R', 'E']",C[C@@H](O)[C@H](NC(=O)[C@H](CCCCN)NC(=O)[C@@H]1CCCN1C(=O)[C@@H](NC(=O)[C@H](Cc1ccc(O)cc1)NC(=O)[C@H](Cc1ccccc1)NC(=O)[C@@H](N)Cc1ccccc1)[C@@H](C)O)C(=O)N[C@@H](CCCNC(N)=O)C(=O)N[C@@H](CCCNC(=N)N)C(=O)N[C@@H](CCC(=O)O)C(=O)O
22304.0,Positive-Low,"['K', 'T', 'CITR_R', 'R', 'E', 'A', 'E', 'D', 'L', 'Q']",CC(C)C[C@H](NC(=O)[C@H](CC(=O)O)NC(=O)[C@H](CCC(=O)O)NC(=O)[C@H](C)NC(=O)[C@H](CCC(=O)O)NC(=O)[C@H](CCCNC(=N)N)NC(=O)[C@H](CCCNC(N)=O)NC(=O)[C@@H](NC(=O)[C@@H](N)CCCCN)[C@@H](C)O)C(=O)N[C@@H](CCC(N)=O)C(=O)O
30243.0,Positive-Low,"['T', 'CITR_R', 'R', 'E', 'A', 'E', 'D', 'L', 'Q', 'V']",CC(C)C[C@H](NC(=O)[C@H](CC(=O)O)NC(=O)[C@H](CCC(=O)O)NC(=O)[C@H](C)NC(=O)[C@H](CCC(=O)O)NC(=O)[C@H](CCCNC(=N)N)NC(=O)[C@H](CCCNC(N)=O)NC(=O)[C@@H](N)[C@@H](C)O)C(=O)N[C@@H](CCC(N)=O)C(=O)N[C@H](C(=O)O)C(C)C
16354.0,Positive-Low,"['L', 'A', 'L', 'E', 'G', 'S', 'L', 'Q', 'K', 'CITR_R']",CC(C)C[C@H](NC(=O)[C@H](C)NC(=O)[C@@H](N)CC(C)C)C(=O)N[C@@H](CCC(=O)O)C(=O)NCC(=O)N[C@@H](CO)C(=O)N[C@@H](CC(C)C)C(=O)N[C@@H](CCC(N)=O)C(=O)N[C@@H](CCCCN)C(=O)N[C@@H](CCCNC(N)=O)C(=O)O
845.0,Positive-Low,"['C', 'I', 'S', 'S', 'AIB_C', 'N', 'P', 'N', 'L']",CCC(NC(=O)[C@H](CO)NC(=O)[C@H](CO)NC(=O)[C@@H](NC(=O)[C@@H](N)CS)[C@@H](C)CC)C(=O)N[C@@H](CC(N)=O)C(=O)N1CCC[C@H]1C(=O)N[C@@H](CC(N)=O)C(=O)N[C@@H](CC(C)C)C(=O)O
575.0,Positive-Low,"['AIB_C', 'I', 'S', 'S', 'AIB_C', 'N', 'P', 'N', 'L']",CCC(N)C(=O)N[C@H](C(=O)N[C@@H](CO)C(=O)N[C@@H](CO)C(=O)NC(CC)C(=O)N[C@@H](CC(N)=O)C(=O)N1CCC[C@H]1C(=O)N[C@@H](CC(N)=O)C(=O)N[C@@H](CC(C)C)C(=O)O)[C@@H](C)CC
13800.0,Positive-Low,"['AIB_C', 'I', 'S', 'S', 'AIB_C', 'N', 'P', 'N', 'P']",CCC(N)C(=O)N[C@H](C(=O)N[C@@H](CO)C(=O)N[C@@H](CO)C(=O)NC(CC)C(=O)N[C@@H](CC(N)=O)C(=O)N1CCC[C@H]1C(=O)N[C@@H](CC(N)=O)C(=O)N1CCC[C@H]1C(=O)O)[C@@H](C)CC
1395.0,Positive-Low,"['I', 'L', 'C', 'G', 'T', 'AIB_C', 'L', 'I', 'V']",CCC(NC(=O)[C@@H](NC(=O)CNC(=O)[C@H](CS)NC(=O)[C@H](CC(C)C)NC(=O)[C@@H](N)[C@@H](C)CC)[C@@H](C)O)C(=O)N[C@@H](CC(C)C)C(=O)N[C@H](C(=O)N[C@H](C(=O)O)C(C)C)[C@@H](C)CC
1103.0,Positive-Low,"['I', 'L', 'AIB_C', 'G', 'T', 'AIB_C', 'L', 'I', 'V']",CCC(NC(=O)[C@H](CC(C)C)NC(=O)[C@@H](N)[C@@H](C)CC)C(=O)NCC(=O)N[C@H](C(=O)NC(CC)C(=O)N[C@@H](CC(C)C)C(=O)N[C@H](C(=O)N[C@H](C(=O)O)C(C)C)[C@@H](C)CC)[C@@H](C)O
1251.0,Positive-Low,"['S', 'AIB_C', 'S', 'R', 'A', 'V', 'P', 'Q', 'V']",CCC(NC(=O)[C@@H](N)CO)C(=O)N[C@@H](CO)C(=O)N[C@@H](CCCNC(=N)N)C(=O)N[C@@H](C)C(=O)N[C@H](C(=O)N1CCC[C@H]1C(=O)N[C@@H](CCC(N)=O)C(=O)N[C@H](C(=O)O)C(C)C)C(C)C
1120.0,Positive-Low,"['S', 'AIB_C', 'S', 'R', 'A', 'I', 'P', 'Q', 'V']",CCC(NC(=O)[C@@H](N)CO)C(=O)N[C@@H](CO)C(=O)N[C@@H](CCCNC(=N)N)C(=O)N[C@@H](C)C(=O)N[C@H](C(=O)N1CCC[C@H]1C(=O)N[C@@H](CCC(N)=O)C(=O)N[C@H](C(=O)O)C(C)C)[C@@H](C)CC
2272.0,Positive-Low,"['A', 'AIB_C', 'D', 'P', 'H', 'S', 'G', 'H', 'F', 'V']",CCC(NC(=O)[C@H](C)N)C(=O)N[C@@H](CC(=O)O)C(=O)N1CCC[C@H]1C(=O)N[C@@H](Cc1c[nH]cn1)C(=O)N[C@@H](CO)C(=O)NCC(=O)N[C@@H](Cc1c[nH]cn1)C(=O)N[C@@H](Cc1ccccc1)C(=O)N[C@H](C(=O)O)C(C)C
508.0,Positive-Low,"['R', 'L', 'P', 'R', 'I', 'F', 'AIB_C', 'S', 'C']",CCC(NC(=O)[C@H](Cc1ccccc1)NC(=O)[C@@H](NC(=O)[C@H](CCCNC(=N)N)NC(=O)[C@@H]1CCCN1C(=O)[C@H](CC(C)C)NC(=O)[C@@H](N)CCCNC(=N)N)[C@@H](C)CC)C(=O)N[C@@H](CO)C(=O)N[C@@H](CS)C(=O)O
